"Area","Boro","AreaType","2009-03-01","2009-04-01","2009-05-01","2009-06-01","2009-07-01","2009-08-01","2009-09-01","2009-10-01","2009-11-01","2009-12-01","2010-01-01","2010-02-01","2010-03-01","2010-04-01","2010-05-01","2010-06-01","2010-07-01","2010-08-01","2010-09-01","2010-10-01","2010-11-01","2010-12-01","2011-01-01","2011-02-01","2011-03-01","2011-04-01","2011-05-01","2011-06-01","2011-07-01","2011-08-01","2011-09-01","2011-10-01","2011-11-01","2011-12-01","2012-01-01","2012-02-01","2012-03-01","2012-04-01","2012-05-01","2012-06-01","2012-07-01","2012-08-01","2012-09-01","2012-10-01","2012-11-01","2012-12-01","2013-01-01","2013-02-01","2013-03-01","2013-04-01","2013-05-01","2013-06-01","2013-07-01","2013-08-01","2013-09-01","2013-10-01","2013-11-01","2013-12-01","2014-01-01","2014-02-01","2014-03-01","2014-04-01","2014-05-01","2014-06-01","2014-07-01","2014-08-01","2014-09-01","2014-10-01","2014-11-01","2014-12-01","2015-01-01","2015-02-01","2015-03-01","2015-04-01","2015-05-01","2015-06-01","2015-07-01","2015-08-01","2015-09-01","2015-10-01","2015-11-01","2015-12-01","2016-01-01","2016-02-01","2016-03-01","2016-04-01","2016-05-01","2016-06-01","2016-07-01"
"NYC","All","City",6107,6406,6844,7003,6986,6822,6844,6887,6734,6474,6510,6673,6929,7198,7135,7095,6899,6514,5813,5858,5760,5446,5526,5509,5894,6007,6128,6163,5950,5391,5339,5339,5191,4908,4916,5009,5344,5427,5607,5519,5321,5003,4918,4769,4480,4233,4251,4262,4505,4840,5057,4962,4781,4472,4281,4284,3992,3681,3717,3715,3971,4236,4491,4832,4697,4407,4609,4718,4453,4106,3976,4010,4251,4624,4788,4852,4745,4368,4584,4623,4316,3947,3851,3894,4167,4521,4751,4679,4126
"Manhattan","Manhattan","Borough",4312,4516,4539,4588,4485,4311,4262,4224,4066,3847,3788,3864,4008,4055,3996,3965,3731,3397,3333,3373,3227,3049,3075,3081,3334,3391,3440,3425,3258,2951,2977,2996,2952,2789,2855,2928,3151,3215,3294,3220,3062,2875,2842,2780,2632,2479,2472,2521,2697,2927,3037,2946,2802,2556,2459,2499,2314,2158,2164,2179,2347,2547,2715,2699,2572,2377,2458,2534,2398,2181,2089,2166,2274,2529,2627,2644,2575,2378,2578,2648,2489,2296,2253,2383,2565,2765,2919,2833,2502
"All Downtown","Manhattan","Submarket",1323,1365,1359,1334,1295,1238,1219,1199,1154,1092,1071,1094,1118,1099,1077,1095,1016,941,898,898,837,774,780,774,822,850,833,837,817,734,741,751,732,677,694,715,772,807,853,830,854,797,797,740,691,645,633,638,716,819,856,842,828,755,723,737,700,659,627,607,677,729,772,755,731,694,721,766,730,645,598,624,647,752,791,790,770,696,773,774,752,711,711,744,818,912,959,921,835
"All Midtown","Manhattan","Submarket",854,873,892,916,893,889,881,867,818,792,764,780,831,853,858,841,798,738,706,709,672,631,631,638,680,679,684,686,671,622,640,642,628,605,608,627,665,665,664,661,624,581,575,587,568,538,530,547,584,614,622,581,554,502,473,488,462,428,425,431,459,509,541,540,520,502,545,550,528,492,487,494,527,572,601,591,569,534,559,599,576,538,531,556,582,602,653,640,567
"All Upper West Side","Manhattan","Submarket",778,826,821,826,796,758,716,711,677,648,643,639,662,672,664,643,593,540,553,572,535,491,488,507,574,598,611,614,587,511,512,501,504,461,477,490,527,546,575,550,494,467,461,449,425,400,402,409,446,501,536,530,488,442,423,423,363,328,355,371,399,432,478,462,421,365,373,373,351,328,323,346,367,419,434,452,434,404,436,434,384,356,346,350,377,422,459,430,361
"All Upper East Side","Manhattan","Submarket",899,965,971,997,992,941,946,942,891,806,815,845,879,897,862,871,827,742,732,763,763,744,739,750,819,838,860,827,743,683,688,717,698,664,682,709,783,787,781,762,706,660,649,654,618,558,572,614,642,673,684,664,614,553,555,573,525,479,503,517,539,586,617,629,593,525,527,562,509,464,443,478,514,570,582,583,554,513,532,554,536,481,467,512,567,599,625,639,569
"All Upper Manhattan","Manhattan","Submarket",423,452,462,468,463,440,455,460,490,488,473,486,498,514,517,497,483,425,440,426,415,405,433,406,433,420,446,456,436,396,391,380,386,378,392,384,403,408,418,414,383,368,359,349,330,338,334,312,307,318,335,324,312,298,279,274,262,262,252,251,271,288,302,308,302,286,288,279,275,248,235,221,216,215,215,220,218,226,268,275,228,199,187,211,213,226,218,197,162
"Bronx","Bronx","Borough",131,145,153,164,190,190,196,197,213,210,229,225,236,256,240,242,234,230,224,204,206,204,226,227,235,242,262,278,269,261,248,250,248,237,225,231,243,256,258,275,280,271,270,270,265,253,263,255,272,287,292,304,303,312,298,274,265,240,240,232,255,255,265,271,271,288,266,251,241,223,223,224,243,245,253,262,274,265,259,245,232,214,207,203,211,219,222,221,187
"Brooklyn","Brooklyn","Borough",1356,1431,1789,1867,1920,1903,1895,1991,1993,1961,2014,2086,2171,2319,2297,2276,2300,2273,1693,1719,1744,1626,1665,1649,1725,1728,1773,1792,1692,1556,1543,1541,1488,1411,1384,1401,1457,1487,1540,1505,1441,1326,1292,1213,1083,1003,1011,966,993,1071,1151,1168,1145,1083,1042,1041,966,867,887,876,907,915,926,1213,1127,1034,1171,1239,1152,1090,1068,1041,1094,1200,1275,1317,1300,1175,1200,1185,1108,994,948,891,960,1078,1120,1139,976
"North Brooklyn","Brooklyn","Submarket",312,325,293,288,288,258,268,272,265,248,252,267,274,303,299,281,259,272,246,245,267,225,226,212,196,186,186,180,163,140,148,159,142,137,128,132,127,126,138,117,90,76,72,69,63,59,54,60,68,85,94,95,99,97,110,104,95,73,69,66,81,88,94,98,99,88,107,117,107,99,91,91,95,100,119,117,123,117,127,131,115,93,106,110,134,150,165,176,148
"Northwest Brooklyn","Brooklyn","Submarket",432,452,468,498,493,463,447,488,477,446,438,457,446,486,470,452,438,407,409,434,435,404,418,419,433,445,460,454,417,380,366,365,350,349,360,371,386,410,406,387,355,316,317,309,274,234,216,209,211,226,244,232,230,210,210,206,186,152,157,150,174,205,220,226,221,193,205,216,199,184,200,192,227,263,289,283,270,243,243,240,229,197,183,179,206,242,256,257,206
"East Brooklyn","Brooklyn","Submarket",132,162,168,170,172,179,166,159,160,174,181,183,181,190,181,170,161,156,137,145,160,139,141,144,143,136,146,154,140,129,118,115,123,115,89,95,104,106,113,112,98,93,90,85,82,80,89,87,86,94,92,89,91,95,96,98,89,77,78,75,74,72,76,86,86,80,87,93,97,97,93,96,102,104,101,118,119,103,119,144,130,114,114,102,110,124,131,137,127
"Prospect Park","Brooklyn","Submarket",231,245,282,290,285,276,269,267,262,253,241,249,271,283,271,264,270,239,241,244,239,226,227,231,263,261,271,279,258,215,228,224,217,199,191,183,199,211,224,220,214,193,195,182,167,149,138,119,121,143,178,189,177,154,158,145,127,118,114,111,133,150,164,163,158,119,140,147,144,127,114,108,120,152,180,183,176,141,145,155,154,147,133,132,137,166,163,167,132
"South Brooklyn","Brooklyn","Submarket",233,239,567,611,674,715,729,790,815,828,892,922,987,1041,1058,1091,1153,1180,643,637,625,607,626,610,652,659,670,684,678,662,662,657,636,594,602,600,623,615,635,654,666,629,604,552,485,472,505,483,501,515,532,551,537,515,456,475,459,436,460,465,435,391,368,626,555,547,619,653,592,572,558,541,536,569,578,610,605,566,562,512,477,441,409,364,369,391,401,397,358
"Queens","Queens","Borough",291,297,345,365,371,398,439,421,405,399,405,438,456,505,540,553,567,557,535,533,553,536,529,521,570,614,619,634,693,583,533,518,475,443,439,435,477,450,486,492,509,493,475,469,473,474,481,496,520,524,544,507,492,485,450,440,411,380,383,376,386,420,465,488,522,507,528,532,520,483,458,446,486,509,552,567,565,521,516,512,457,416,422,399,415,444,476,471,448
"Staten Island","Staten Island","Borough",17,17,18,19,20,20,52,54,57,57,74,60,58,63,62,59,67,57,28,29,30,31,31,31,30,32,34,34,38,40,38,34,28,28,13,14,16,19,29,27,29,38,39,37,27,24,24,24,23,31,33,37,39,36,32,30,36,36,43,52,76,99,120,161,205,201,186,162,142,129,138,133,154,141,81,62,31,29,31,33,30,27,21,18,16,15,14,15,13
"Astoria","Queens","Neighborhood",11,13,13,13,12,15,20,23,24,24,29,45,50,42,39,37,33,33,33,30,39,31,29,29,27,34,33,36,39,42,38,38,35,33,29,24,29,16,16,14,15,16,22,25,23,25,31,29,24,26,22,19,18,19,16,20,18,21,25,28,26,24,21,18,21,20,23,22,24,21,22,23,26,29,27,30,31,29,24,26,23,23,20,18,20,23,25,30,27
"Auburndale","Queens","Neighborhood",0,0,0,0,0,0,0,0,0,0,0,0,0,0,0,0,0,0,0,0,0,0,0,0,0,0,0,0,4,5,3,3,2,3,2,2,2,1,1,1,0,0,0,0,0,0,0,0,0,0,0,1,1,1,1,1,0,0,0,0,0,0,0,1,1,1,1,1,1,1,0,0,0,0,0,0,1,1,1,1,1,1,1,1,1,0,0,1,1
"Bath Beach","Brooklyn","Neighborhood",0,0,3,3,3,3,5,8,8,8,7,8,9,9,8,8,9,8,2,4,5,4,12,12,11,10,4,7,11,12,11,11,11,8,13,14,13,12,11,9,9,8,5,3,4,4,5,3,2,2,4,5,9,10,10,6,5,4,3,3,3,5,5,13,6,3,11,10,9,9,10,7,6,8,6,6,6,8,8,6,4,7,6,5,5,7,8,8,2
"Battery Park City","Manhattan","Neighborhood",69,76,77,77,83,84,79,74,71,68,66,68,70,77,52,70,55,59,59,58,53,49,55,57,60,67,69,59,49,44,46,45,42,43,48,50,45,42,42,43,47,48,51,47,36,29,29,25,29,32,32,36,40,37,38,39,37,29,30,28,35,31,32,35,34,30,24,23,33,33,36,44,51,60,62,63,66,55,60,50,42,41,42,44,46,48,48,44,39
"Bay Ridge","Brooklyn","Neighborhood",26,22,55,54,59,66,66,68,65,72,75,79,84,87,91,106,119,129,74,70,65,62,65,62,67,65,68,69,72,61,65,71,62,57,57,63,60,56,60,64,70,66,63,63,56,50,57,53,55,58,57,63,63,66,58,55,56,54,63,66,63,58,48,78,58,45,61,61,48,37,35,37,41,43,47,44,35,38,39,31,34,31,28,23,22,25,27,27,23
"Bayside","Queens","Neighborhood",4,5,7,10,12,13,23,17,15,13,13,17,24,26,31,30,32,28,26,32,34,27,29,32,35,37,34,27,34,28,25,22,20,20,18,20,22,22,24,30,31,32,33,31,28,29,27,26,26,26,26,22,19,18,20,19,30,28,32,30,37,38,39,51,63,63,70,61,51,47,45,32,26,40,48,48,51,50,51,49,35,27,25,22,23,22,24,20,21
"Bedford Park","Bronx","Neighborhood",0,0,0,0,0,0,0,0,0,0,0,0,0,1,1,1,1,4,4,3,3,3,3,3,2,3,2,2,2,1,1,1,1,0,0,0,0,0,0,1,1,1,1,1,2,2,2,2,2,2,6,16,11,26,21,8,8,7,4,2,2,2,2,2,0,0,0,0,0,1,2,2,2,2,3,3,2,2,2,1,1,0,0,0,0,2,2,2,2
"Bedford-Stuyvesant","Brooklyn","Neighborhood",37,34,45,43,43,48,48,52,48,57,50,52,50,58,57,58,55,60,56,53,67,47,53,60,62,59,58,62,60,55,54,52,56,52,29,38,41,48,45,40,38,35,34,35,35,34,49,43,41,44,43,43,42,46,44,46,44,41,43,45,41,43,46,44,44,37,39,40,41,40,38,43,50,50,51,57,56,52,61,72,65,57,56,44,46,54,63,74,67
"Bellerose","Queens","Neighborhood",0,0,2,2,2,15,15,12,9,10,9,8,7,10,9,8,8,7,8,8,10,9,9,9,9,8,9,9,11,6,7,6,6,5,6,6,7,8,8,7,7,8,6,3,2,2,0,0,1,1,4,5,7,4,4,4,4,4,4,3,4,5,6,6,7,8,7,7,8,7,7,7,6,8,13,12,11,11,10,9,8,7,8,8,6,5,5,4,4
"Bensonhurst","Brooklyn","Neighborhood",1,1,11,15,17,19,19,20,21,22,22,23,24,25,28,29,31,33,17,16,15,18,19,20,23,26,26,25,21,18,20,23,16,14,16,15,13,10,12,13,13,11,12,11,12,10,7,5,8,9,9,5,6,6,4,4,4,2,4,4,4,2,3,6,4,7,10,9,8,8,7,7,9,9,14,12,10,15,17,12,9,10,5,4,4,3,3,4,7
"Bergen Beach","Brooklyn","Neighborhood",1,1,4,5,5,8,8,8,8,8,8,10,11,12,12,13,14,15,8,8,8,6,7,9,8,7,7,8,8,8,8,8,8,8,7,7,7,6,7,6,6,8,9,7,7,5,4,5,3,2,2,4,4,6,6,14,15,15,14,14,16,13,13,20,19,17,16,17,13,16,12,12,11,10,9,10,9,7,6,6,6,7,6,8,8,4,5,4,4
"Boerum Hill","Brooklyn","Neighborhood",36,42,43,44,41,36,34,32,26,22,28,31,31,28,17,17,12,12,12,13,12,13,14,11,14,17,18,16,15,14,15,12,13,13,16,19,13,16,16,14,14,13,15,14,10,6,4,4,5,9,9,9,11,14,14,17,15,13,12,10,15,24,27,27,28,26,27,30,25,23,22,18,21,18,18,18,15,15,19,22,23,23,21,17,21,28,21,22,24
"Borough Park","Brooklyn","Neighborhood",0,0,19,20,20,20,22,22,22,25,26,26,27,28,27,28,29,30,5,5,3,3,2,3,2,1,1,1,0,0,2,2,2,1,1,2,2,4,4,4,4,3,4,3,2,2,2,0,0,0,0,0,0,1,1,1,1,0,1,2,2,1,1,2,2,2,3,3,2,1,0,1,1,2,3,3,2,3,4,5,5,3,2,4,2,3,3,3,4
"Briarwood","Queens","Neighborhood",3,3,4,5,6,8,9,10,10,9,10,16,15,15,17,17,22,24,23,21,18,15,14,15,21,23,23,25,29,23,23,22,19,20,21,17,19,17,18,17,16,14,12,13,12,15,14,14,19,19,19,19,17,21,16,14,13,9,10,10,12,15,19,18,20,19,21,20,20,18,17,17,18,19,22,25,26,20,18,18,17,12,15,14,14,9,11,13,14
"Brighton Beach","Brooklyn","Neighborhood",57,57,89,96,115,120,77,84,96,98,118,126,136,141,138,144,146,145,55,47,52,52,49,51,56,65,62,63,60,59,53,44,42,41,41,44,50,57,61,64,64,67,66,58,48,48,59,54,58,58,59,64,61,57,40,40,33,34,28,28,22,16,16,50,48,54,52,55,50,53,47,46,47,53,42,55,58,58,61,51,43,48,40,27,28,28,32,33,39
"Bronxwood","Bronx","Neighborhood",1,1,2,3,3,3,3,2,2,2,2,2,2,2,0,1,1,1,1,2,1,1,1,1,1,1,2,3,2,2,2,3,2,2,2,1,2,2,3,5,5,5,3,2,2,1,3,3,3,3,2,3,3,4,5,5,3,3,3,3,2,2,2,2,3,4,2,2,2,2,0,0,1,2,2,2,2,3,3,3,3,3,4,4,4,5,3,3,1
"Brooklyn Heights","Brooklyn","Neighborhood",69,71,69,75,71,70,62,77,88,83,79,90,73,83,81,80,75,62,58,63,61,47,52,51,72,73,81,83,75,60,51,47,50,51,62,65,70,81,94,87,80,76,75,77,70,56,55,48,47,49,45,41,39,32,32,29,29,25,31,32,38,38,41,45,41,35,31,34,31,28,33,29,35,45,51,56,55,47,48,47,44,31,30,28,37,54,57,55,39
"Brownsville","Brooklyn","Neighborhood",0,0,0,0,0,0,0,0,0,0,0,0,0,0,0,0,0,0,1,2,4,4,4,4,5,6,7,7,7,8,7,7,8,7,7,7,5,5,4,9,8,6,4,4,4,5,5,4,5,5,5,4,3,2,1,2,2,1,2,1,1,0,0,1,1,1,1,1,1,1,1,1,1,1,1,2,1,1,1,1,0,0,0,0,0,1,1,0,0
"Bushwick","Brooklyn","Neighborhood",15,15,15,13,11,5,4,4,4,4,4,0,0,5,6,6,6,6,7,13,13,13,13,14,10,10,10,12,13,12,12,12,13,12,10,11,11,14,14,14,10,11,10,9,12,10,7,8,7,6,5,5,6,5,7,4,3,3,4,3,3,2,2,3,4,3,5,6,8,10,12,12,15,15,14,10,11,8,7,10,10,8,13,14,15,16,18,14,13
"Canarsie","Brooklyn","Neighborhood",0,0,10,12,14,13,23,23,23,22,25,25,37,39,43,45,47,43,28,26,24,21,21,24,18,20,20,19,21,21,27,28,27,26,28,25,27,24,18,18,20,19,16,17,12,10,9,10,10,11,11,13,13,13,9,12,12,13,13,14,15,15,17,24,26,29,28,32,31,30,31,34,32,31,29,29,32,29,31,31,28,21,25,22,25,21,27,25,23
"Carnegie Hill","Manhattan","Neighborhood",123,148,147,149,135,127,121,119,110,98,101,109,112,121,121,122,115,97,96,99,98,89,91,99,118,121,125,116,99,86,92,97,93,88,96,105,115,116,118,107,103,99,95,95,88,81,86,94,103,108,108,100,85,69,73,75,74,66,64,68,66,64,70,73,81,72,69,66,64,61,52,53,64,72,77,70,65,53,59,54,56,53,47,48,58,65,71,65,59
"Carroll Gardens","Brooklyn","Neighborhood",49,57,52,58,59,50,54,45,38,37,32,32,31,46,50,48,46,43,39,39,37,38,41,38,36,35,37,37,37,29,23,36,37,34,21,20,24,33,31,34,30,27,26,27,21,20,17,19,20,21,27,27,23,23,21,21,18,15,16,14,16,15,16,15,17,12,18,18,18,16,21,20,19,26,28,32,35,30,32,29,29,22,19,22,23,23,25,26,16
"Central Harlem","Manhattan","Neighborhood",218,224,225,244,241,236,248,251,279,264,263,281,285,303,309,295,282,238,260,245,240,233,243,223,238,229,247,252,230,216,211,203,211,208,224,223,229,224,222,224,211,194,189,175,165,157,154,139,133,141,153,148,138,130,111,115,117,119,112,116,119,121,121,122,113,106,114,109,113,95,95,95,93,90,92,101,96,92,124,128,72,59,56,63,58,60,65,60,46
"Central Park South","Manhattan","Neighborhood",48,52,52,54,49,49,47,46,43,43,43,44,49,46,51,48,47,44,43,36,36,35,26,22,24,27,27,33,31,31,32,33,35,35,29,31,35,34,35,37,37,36,36,35,32,32,24,26,27,24,23,21,19,20,16,15,18,18,18,17,18,21,22,19,21,21,19,18,18,20,22,22,21,23,23,24,26,26,25,26,22,22,24,30,30,29,31,31,30
"Chelsea","Manhattan","Neighborhood",250,256,250,235,211,197,189,185,157,152,151,154,154,161,160,164,163,148,145,145,139,123,125,123,135,143,130,129,126,123,121,114,110,106,118,118,139,147,141,132,131,117,108,119,121,111,105,101,118,129,133,123,113,102,102,110,100,98,94,101,121,136,132,132,123,114,113,126,122,99,89,93,89,114,124,133,137,124,134,138,142,118,109,111,127,142,154,134,126
"Chinatown","Manhattan","Neighborhood",7,8,8,9,8,8,6,6,7,6,7,6,7,7,7,7,8,8,7,5,3,4,4,6,5,9,9,9,9,8,6,5,4,2,1,4,4,5,5,5,4,4,5,5,5,7,7,5,6,7,7,7,8,7,7,8,5,2,2,2,3,4,4,4,3,4,5,4,4,6,4,2,1,1,0,0,1,1,2,0,3,4,4,4,5,4,4,3,4
"Civic Center","Manhattan","Neighborhood",2,2,2,2,2,2,2,2,3,3,3,4,6,5,3,3,3,3,3,2,2,2,2,2,1,1,1,1,1,1,1,0,0,0,0,0,0,1,2,2,2,2,2,3,3,2,3,2,3,4,4,3,5,5,6,7,7,7,8,7,8,8,6,6,5,5,5,5,4,3,2,1,1,1,0,0,1,1,1,1,3,3,3,3,2,3,3,3,3
"Clinton Hill","Brooklyn","Neighborhood",50,49,52,63,63,62,68,65,72,59,59,57,53,63,60,66,64,59,68,69,75,75,74,79,66,78,72,75,65,61,67,63,56,59,58,52,49,48,45,40,40,37,42,43,44,36,35,37,36,37,32,35,41,37,34,32,33,22,25,27,34,42,43,41,41,34,33,31,26,22,20,17,25,38,38,32,32,40,37,33,31,28,23,25,31,32,41,38,31
"Cobble Hill","Brooklyn","Neighborhood",14,16,17,20,20,19,17,21,19,20,19,17,16,18,16,15,16,14,10,16,16,23,24,30,33,36,40,37,30,26,25,31,27,28,30,30,33,33,33,29,20,19,18,16,13,10,12,11,13,13,13,13,12,11,14,15,15,14,12,10,13,14,13,15,14,12,16,18,14,13,13,11,15,16,20,20,17,12,14,11,12,10,7,10,14,19,20,20,15
"College Point","Queens","Neighborhood",0,0,2,2,2,2,3,3,3,3,2,2,2,3,2,3,7,7,8,6,9,6,5,5,5,5,6,6,7,6,5,5,6,4,6,7,5,3,3,4,4,3,3,3,2,1,1,1,2,2,2,2,0,0,0,0,0,0,0,0,0,0,0,0,0,0,1,1,1,1,1,1,1,1,0,0,0,0,0,0,0,1,1,1,1,2,2,3,1
"Columbia Street Waterfront District","Brooklyn","Neighborhood",2,3,6,7,7,6,6,7,7,5,6,7,7,10,13,13,17,21,22,29,28,25,27,27,24,25,30,26,21,19,20,13,15,15,16,19,20,19,21,22,17,17,24,22,19,21,20,13,8,7,7,6,8,7,10,9,5,5,6,4,6,11,12,12,11,8,8,10,11,10,11,13,15,14,10,11,9,8,13,11,12,9,13,13,7,10,11,11,8
"Concourse","Bronx","Neighborhood",14,15,15,12,12,12,11,10,12,14,13,15,16,16,17,17,17,16,17,13,14,13,12,12,12,11,12,13,13,13,12,12,10,9,8,8,6,9,8,9,8,9,9,8,9,11,10,10,10,11,14,15,16,17,17,15,13,12,14,14,14,14,17,12,13,13,9,8,10,10,11,11,10,8,11,10,10,10,8,8,9,7,7,6,6,7,5,6,6
"Coney Island","Brooklyn","Neighborhood",4,4,16,16,17,23,25,25,26,27,29,29,32,35,34,38,43,44,24,27,25,23,21,17,18,20,15,16,15,14,12,15,11,8,10,14,13,15,16,20,21,20,15,13,7,8,10,11,14,15,13,15,16,18,20,23,22,23,24,18,17,19,20,31,26,27,36,32,29,28,26,27,26,28,28,32,43,38,38,31,26,26,33,26,27,25,25,18,18
"Corona","Queens","Neighborhood",0,0,1,1,1,3,4,3,3,2,3,2,3,3,3,4,3,3,3,4,5,6,5,4,4,4,4,5,5,4,3,3,3,4,4,3,4,4,4,4,3,3,4,5,3,3,4,4,4,5,6,6,5,6,6,6,6,5,4,3,3,5,8,7,7,7,7,7,5,4,4,4,5,5,6,5,6,2,1,2,2,2,2,2,1,1,1,1,1
"Crown Heights","Brooklyn","Neighborhood",72,105,99,104,108,116,105,93,98,103,117,122,121,117,108,95,89,79,66,67,66,65,61,56,58,54,64,65,54,45,34,30,33,33,31,31,37,30,37,37,30,29,26,23,19,20,17,15,18,23,17,14,14,14,17,18,15,10,10,12,14,14,16,24,24,25,28,31,28,26,23,20,17,20,22,36,36,31,41,52,49,43,39,37,32,35,31,30,29
"Ditmas Park","Brooklyn","Neighborhood",15,13,18,19,26,33,32,35,36,38,39,46,39,43,46,39,37,34,32,30,29,25,27,27,31,34,33,31,29,23,24,24,22,23,24,24,29,26,22,20,19,19,18,17,15,15,13,13,14,14,14,16,15,14,17,13,12,9,10,13,14,17,20,20,19,17,17,15,13,12,13,14,14,18,18,17,16,14,14,17,17,17,18,18,17,20,21,20,16
"Douglaston","Queens","Neighborhood",0,0,1,1,1,1,3,2,2,3,3,3,4,5,4,4,5,5,4,4,2,2,2,2,2,2,2,2,3,3,2,2,2,2,2,2,2,3,3,5,5,5,5,5,6,6,4,3,3,4,5,4,4,4,4,4,5,3,3,2,3,3,4,4,3,3,3,3,2,2,2,0,0,0,1,0,0,0,1,1,1,1,1,1,1,0,0,0,0
"Downtown Brooklyn","Brooklyn","Neighborhood",84,86,89,91,90,80,81,83,73,73,74,72,77,82,87,81,85,87,87,86,88,75,81,78,85,80,80,75,74,67,67,64,58,61,64,70,69,68,67,64,62,47,45,46,41,41,30,32,32,31,44,36,38,35,35,28,26,19,17,15,17,19,26,24,25,21,27,30,34,33,39,40,47,54,57,49,39,32,20,27,26,23,25,21,25,29,25,27,28
"DUMBO","Brooklyn","Neighborhood",26,28,32,30,29,26,25,33,30,31,31,33,42,47,46,39,36,32,37,34,37,34,35,38,41,41,41,47,41,41,45,50,48,46,48,53,58,64,56,56,51,36,35,32,28,23,21,26,29,33,36,34,27,22,23,25,25,21,18,20,20,20,20,28,26,28,28,29,22,21,24,28,30,33,37,39,42,39,33,33,27,27,24,23,26,25,31,30,24
"Dyker Heights","Brooklyn","Neighborhood",1,1,9,9,9,10,10,11,11,11,11,12,13,13,8,8,9,9,2,3,4,4,6,6,4,4,3,4,4,5,4,5,5,5,5,3,5,5,2,2,1,1,2,3,3,3,2,2,3,4,5,4,4,3,3,1,1,1,2,1,1,1,1,6,2,3,4,4,4,4,2,2,4,6,9,9,10,13,10,9,9,7,8,7,7,9,6,6,5
"East Elmhurst","Queens","Neighborhood",0,0,0,0,0,0,0,0,0,0,0,0,0,0,0,0,0,0,0,0,0,1,1,0,0,0,0,0,0,0,1,1,1,1,1,1,3,2,3,3,3,2,2,2,2,2,2,3,2,2,2,2,3,3,2,3,3,3,2,3,2,2,2,1,1,2,1,1,2,2,2,2,2,1,1,2,1,2,2,2,2,2,1,0,0,0,0,0,0
"East Flushing","Queens","Neighborhood",0,0,0,0,0,0,0,0,0,0,0,0,1,2,2,2,2,1,2,1,1,1,1,1,2,1,1,1,1,0,2,2,2,2,1,1,1,2,2,3,2,2,2,2,2,1,1,1,1,0,0,0,0,0,0,0,0,0,0,0,0,1,1,1,1,3,3,5,5,4,4,5,2,4,5,5,5,5,4,4,4,4,5,5,4,5,5,4,4
"East Harlem","Manhattan","Neighborhood",66,69,68,60,51,49,46,45,40,41,35,33,34,36,39,37,36,34,33,34,34,35,37,39,40,38,41,37,33,36,30,33,30,28,27,24,28,31,32,31,25,26,25,32,31,49,52,50,50,50,49,47,45,45,38,34,27,28,26,29,35,38,39,39,36,33,34,34,32,26,23,23,20,19,19,20,19,27,30,35,41,37,38,49,45,46,43,36,32
"East New York","Brooklyn","Neighborhood",8,8,9,10,10,10,9,10,10,10,10,9,10,10,10,11,11,11,7,10,10,10,10,10,8,7,7,8,6,9,11,14,13,11,12,8,10,9,13,12,12,12,16,14,12,11,11,17,15,16,22,23,26,28,27,28,25,22,19,14,15,13,12,14,13,14,14,15,19,20,19,20,19,18,13,13,15,11,9,9,6,6,6,7,17,18,18,19,18
"East Tremont","Bronx","Neighborhood",7,7,7,7,7,7,7,7,7,7,6,6,6,6,0,0,0,0,0,1,1,1,1,1,1,1,1,2,2,2,1,1,1,1,0,0,4,4,4,4,4,2,6,5,6,6,7,6,7,7,7,6,4,4,4,4,4,4,4,1,0,0,0,1,1,1,1,1,1,1,1,0,0,0,0,0,0,0,0,0,0,0,0,0,1,0,0,0,0
"East Village","Manhattan","Neighborhood",84,92,92,94,96,93,93,91,86,85,80,84,86,90,79,80,74,75,64,64,64,66,65,59,63,64,63,67,61,54,58,55,52,44,39,35,41,45,48,46,41,33,33,37,36,33,36,39,47,64,61,68,66,61,68,68,61,55,45,42,46,49,58,57,53,56,57,71,62,52,44,43,46,49,54,55,52,42,41,35,33,31,33,35,54,69,72,72,60
"Elmhurst","Queens","Neighborhood",3,3,5,4,4,5,5,4,4,4,2,2,3,4,3,7,7,8,7,7,10,7,8,9,10,11,11,7,7,7,7,8,8,7,6,5,6,7,5,6,6,8,7,7,7,6,7,7,7,6,7,7,5,6,7,5,6,8,9,7,7,6,5,7,12,10,9,6,20,14,7,11,9,8,12,15,13,17,14,16,16,13,11,9,11,11,9,12,10
"Far Rockaway","Queens","Neighborhood",18,16,16,17,17,17,17,10,11,11,11,11,10,11,7,6,10,10,11,10,12,8,8,8,8,8,7,6,6,6,6,5,3,3,3,3,3,3,3,3,3,3,3,3,3,3,3,3,3,3,3,3,4,4,4,4,4,4,4,0,0,1,1,1,1,1,1,1,1,0,0,2,2,2,2,1,1,1,1,1,0,0,0,0,1,2,2,2,2
"Financial District","Manhattan","Neighborhood",149,148,148,120,131,132,130,125,121,127,114,119,123,107,104,101,103,104,113,112,104,101,101,92,95,96,92,91,100,86,88,96,92,88,85,87,91,87,94,93,102,97,110,101,96,95,95,97,103,105,108,100,95,87,75,75,77,73,72,68,73,77,78,74,78,81,88,98,88,85,80,87,91,98,104,100,102,92,96,94,83,71,64,74,77,90,104,100,93
"Flatbush","Brooklyn","Neighborhood",13,13,14,14,15,13,23,42,43,43,54,52,73,76,76,83,98,90,80,70,70,60,71,62,55,58,61,59,58,51,40,40,41,28,28,29,25,20,21,19,20,18,19,17,21,20,19,18,15,15,17,14,13,12,12,17,16,14,13,10,9,7,7,10,9,13,14,14,11,9,11,10,10,10,9,8,9,10,9,7,10,8,19,25,31,35,33,36,23
"Flatiron","Manhattan","Neighborhood",136,141,140,157,141,117,113,111,118,94,95,98,99,89,93,89,81,75,76,85,80,79,75,77,93,90,86,78,72,64,60,61,60,53,55,60,65,76,80,79,70,62,60,55,47,45,42,41,52,65,69,73,78,81,84,82,82,81,79,70,76,80,88,95,94,85,90,83,75,60,58,58,61,74,70,76,73,72,83,88,89,91,96,97,104,107,108,115,99
"Flatlands","Brooklyn","Neighborhood",0,0,0,0,0,0,0,0,0,0,0,1,1,2,2,2,2,3,4,4,4,5,5,4,4,3,3,4,6,10,8,7,7,7,7,6,6,6,6,12,10,8,8,2,2,2,3,4,4,6,6,6,7,7,5,5,5,3,4,5,3,4,4,8,8,8,10,13,10,10,9,9,10,10,14,15,13,13,12,12,11,8,7,6,6,7,9,7,8
"Flushing","Queens","Neighborhood",20,20,25,35,29,31,32,31,31,31,32,28,29,55,68,43,47,43,42,44,52,56,56,55,55,54,52,47,44,32,26,26,27,26,22,29,32,34,47,50,48,42,42,33,58,54,50,70,71,67,64,55,50,41,25,20,18,17,13,16,18,21,20,26,28,24,20,21,16,14,13,10,17,16,17,22,20,20,20,20,19,18,27,28,20,18,17,9,6
"Fordham","Bronx","Neighborhood",0,0,0,0,0,0,0,0,0,0,0,0,0,1,1,1,1,1,1,0,0,0,0,0,0,0,0,0,0,1,1,1,2,2,2,2,2,2,2,3,3,3,3,3,3,3,3,3,4,4,3,2,1,1,1,0,1,1,1,0,0,0,1,1,1,2,2,1,1,1,1,1,1,1,1,1,1,0,0,0,0,0,0,0,0,0,0,1,1
"Forest Hills","Queens","Neighborhood",23,22,22,25,28,27,27,28,28,27,28,25,27,29,34,48,51,51,52,51,50,48,62,63,78,88,87,98,103,74,71,72,69,58,54,55,68,63,68,71,82,79,76,85,77,73,78,70,74,83,79,78,85,88,82,85,82,79,84,83,88,90,99,93,95,95,100,114,112,108,96,100,105,99,94,93,87,73,78,81,77,72,67,60,71,72,84,89,75
"Fort Greene","Brooklyn","Neighborhood",55,55,63,61,64,60,47,70,73,66,57,56,54,54,45,40,33,32,35,44,47,41,39,37,34,34,39,39,39,44,34,32,30,26,29,26,30,28,27,25,27,32,28,26,24,18,18,15,16,21,22,21,22,20,19,20,16,15,17,15,13,18,18,14,13,13,12,12,13,13,11,11,13,13,25,24,24,19,23,22,20,18,16,15,15,16,19,17,13
"Fresh Meadows","Queens","Neighborhood",0,0,0,0,1,2,2,2,2,2,0,0,0,0,0,0,1,1,1,1,1,1,1,1,2,0,0,0,0,0,0,0,0,0,0,0,0,1,1,1,1,0,0,0,0,0,0,0,1,1,2,2,2,0,0,0,0,0,1,1,1,1,2,3,4,3,3,3,3,3,1,0,0,0,0,0,0,1,1,1,0,0,0,0,0,0,0,0,0
"Glen Oaks Village","Queens","Neighborhood",0,0,0,0,0,1,1,1,1,1,1,0,0,0,0,1,1,2,3,3,1,1,1,1,1,1,1,1,2,1,1,1,2,1,1,1,1,1,1,0,0,0,0,0,0,1,1,1,1,1,1,1,2,1,2,2,2,2,4,2,2,2,1,0,0,0,0,0,0,0,0,1,3,3,2,2,3,3,4,4,4,2,2,1,2,4,8,9,5
"Glendale","Queens","Neighborhood",0,0,0,0,0,0,0,0,0,0,0,0,0,0,0,0,0,0,0,0,0,0,0,0,2,2,3,3,4,0,0,0,0,0,0,0,0,0,0,0,0,0,0,0,1,1,1,2,2,2,3,2,2,2,2,2,1,1,0,0,0,1,1,1,1,1,1,1,0,0,0,0,0,0,1,2,2,2,3,2,2,1,1,0,0,4,3,2,2
"Gowanus","Brooklyn","Neighborhood",42,40,40,44,44,49,51,51,48,48,51,51,53,51,51,50,51,44,37,36,29,28,26,26,24,22,18,15,16,16,16,14,13,12,12,9,12,12,9,10,8,6,3,2,2,2,2,2,3,2,5,6,6,6,4,6,4,3,3,3,2,3,3,4,4,3,3,3,5,4,5,4,6,5,4,2,2,1,2,3,3,4,4,4,4,3,3,9,7
"Gramercy Park","Manhattan","Neighborhood",61,58,61,58,55,52,47,44,44,41,45,51,51,52,51,55,56,44,36,40,46,45,43,48,49,44,42,46,44,34,38,33,33,29,31,31,35,37,39,41,42,36,37,40,32,31,29,31,30,38,51,47,55,57,51,54,50,48,51,45,48,45,50,50,46,43,49,50,41,37,37,38,36,40,38,35,33,30,31,32,30,31,30,26,29,35,38,41,38
"Gravesend","Brooklyn","Neighborhood",6,6,42,44,45,48,52,63,69,68,71,80,84,91,95,93,97,106,50,45,42,45,45,44,52,47,46,46,44,48,52,48,48,50,47,44,40,41,41,43,55,52,48,43,39,44,56,42,49,56,53,65,54,46,45,45,47,47,53,55,50,43,31,55,42,38,53,64,55,54,53,46,38,40,35,41,39,28,29,25,22,20,22,17,15,18,19,24,17
"Greenpoint","Brooklyn","Neighborhood",64,66,47,48,45,25,34,42,31,30,32,35,34,45,38,37,37,46,46,47,46,46,44,40,33,34,33,35,42,36,37,32,27,23,15,16,17,19,18,14,10,9,11,11,13,12,13,13,14,16,18,20,19,19,16,17,20,19,17,15,13,17,16,17,18,18,19,20,18,14,17,18,15,16,19,18,17,19,19,19,13,8,6,7,15,26,29,34,33
"Greenwich Village","Manhattan","Neighborhood",111,118,110,109,105,98,112,117,117,105,104,104,106,101,94,94,84,72,69,67,58,48,55,53,58,58,61,61,66,58,62,65,70,63,65,72,73,74,77,78,71,73,70,60,57,49,43,50,60,74,80,82,79,70,59,58,62,60,56,62,77,84,87,77,74,70,82,83,77,72,67,75,73,74,68,63,65,59,71,77,82,80,77,82,87,87,83,75,79
"Greenwood","Brooklyn","Neighborhood",22,20,24,29,35,31,41,37,38,32,30,26,31,29,25,18,21,18,16,17,28,26,25,25,27,26,32,28,26,29,29,24,23,22,19,17,18,14,13,14,14,12,7,9,7,7,5,8,9,10,8,6,3,2,4,5,6,6,5,4,1,1,4,7,8,7,6,4,3,2,2,5,5,10,13,18,17,20,22,20,24,23,18,18,18,21,15,13,10
"Hamilton Heights","Manhattan","Neighborhood",36,43,46,49,52,47,51,50,52,61,50,49,46,43,41,37,35,37,37,31,27,27,31,30,31,35,32,33,35,32,34,35,34,33,31,31,33,35,34,29,26,27,27,26,23,23,27,27,27,27,29,28,24,24,29,29,26,26,29,29,34,36,37,36,38,36,36,35,39,41,38,33,32,32,25,21,22,25,26,25,26,19,17,14,17,18,17,18,17
"Highbridge","Bronx","Neighborhood",0,0,0,0,0,1,1,1,1,1,1,1,1,1,1,0,0,1,2,2,2,2,2,2,2,2,1,1,1,1,1,1,0,0,0,0,1,1,1,1,1,1,1,2,2,2,2,1,1,1,1,0,0,0,0,0,0,0,0,0,0,0,0,0,0,0,0,0,0,0,0,0,0,0,0,0,0,0,0,1,1,1,1,1,1,1,0,0,0
"Howard Beach","Queens","Neighborhood",8,8,7,6,18,14,15,17,13,11,9,14,13,15,18,17,15,18,16,14,15,16,18,21,23,24,25,23,25,22,18,14,12,9,9,9,9,8,7,8,7,7,7,8,8,8,6,6,5,5,6,7,6,5,3,3,4,2,2,4,4,5,5,6,4,5,8,8,6,6,6,6,6,6,3,3,2,4,5,5,4,4,4,6,7,9,8,8,7
"Inwood","Manhattan","Neighborhood",15,22,23,21,21,20,20,21,22,22,23,19,21,23,20,21,22,20,19,21,20,20,21,23,26,27,32,29,30,28,31,29,28,27,26,26,28,32,32,35,32,35,31,30,27,25,22,20,22,21,24,25,30,28,29,29,30,26,22,16,19,20,22,19,17,14,14,15,13,11,10,10,9,13,19,20,21,23,20,20,20,20,20,21,20,21,19,18,15
"Jackson Heights","Queens","Neighborhood",10,9,10,10,8,11,12,10,11,10,14,13,14,17,22,24,23,24,23,33,33,29,25,23,26,30,28,24,37,30,24,24,22,22,23,22,27,31,35,38,43,42,43,43,41,41,37,43,42,42,49,48,41,45,47,45,37,31,30,28,27,27,31,28,28,23,23,29,31,30,33,29,33,32,37,35,37,37,35,39,37,34,32,30,27,29,40,41,46
"Jamaica","Queens","Neighborhood",1,1,3,3,2,3,3,5,8,8,6,21,21,2,2,2,3,4,5,5,4,3,3,3,3,3,3,4,4,5,6,6,3,4,3,3,3,2,2,3,3,3,2,3,4,4,4,4,4,3,1,0,0,0,1,1,1,1,1,1,0,0,0,0,0,0,0,2,2,0,1,1,1,1,2,3,3,1,1,0,0,0,0,0,0,0,0,0,0
"Jamaica Estates","Queens","Neighborhood",0,0,0,0,0,0,0,0,1,1,1,1,1,14,12,19,15,23,16,16,16,14,13,12,12,12,13,13,16,5,5,4,2,2,2,2,2,2,2,2,2,2,3,3,3,3,4,4,4,4,3,3,3,3,4,4,5,6,4,3,3,3,2,3,3,3,2,2,3,5,3,2,2,1,2,1,1,1,1,2,2,2,1,2,2,3,3,3,1
"Kensington","Brooklyn","Neighborhood",19,23,32,33,36,33,33,31,32,35,34,33,31,36,40,43,41,37,26,23,24,22,21,19,25,22,21,27,30,32,29,29,29,25,27,25,28,32,30,35,35,28,25,23,21,19,18,17,18,23,26,28,29,25,24,22,23,16,11,9,8,12,13,17,20,17,17,21,25,24,21,21,23,28,37,33,35,34,34,30,29,30,27,28,28,28,34,38,31
"Kew Gardens","Queens","Neighborhood",0,2,5,5,5,5,5,5,7,8,10,10,9,11,11,12,15,22,18,11,13,12,14,15,18,22,29,26,28,22,19,15,12,7,7,7,9,10,11,11,13,12,9,13,13,11,12,11,18,21,19,19,18,19,21,24,21,20,20,22,22,26,29,32,35,34,33,32,28,26,26,27,28,26,33,41,42,30,33,34,30,31,38,33,35,30,32,34,25
"Kew Gardens Hills","Queens","Neighborhood",1,1,3,4,4,3,7,6,7,7,6,6,8,12,10,13,16,14,13,13,11,9,10,8,9,6,6,7,8,10,10,11,12,12,11,11,9,7,9,8,8,9,9,8,7,7,5,4,6,6,6,6,7,7,7,7,7,7,8,7,9,11,12,13,18,22,26,24,23,20,18,19,23,26,26,23,24,20,18,17,16,14,12,13,18,19,21,20,23
"Kingsbridge","Bronx","Neighborhood",2,1,1,3,3,3,3,3,3,4,5,5,5,8,6,6,6,7,11,11,11,12,10,8,10,6,6,7,6,5,6,5,5,5,4,4,4,5,5,5,6,7,10,10,10,10,10,9,10,10,10,11,10,9,8,10,5,5,4,5,6,7,7,6,6,9,9,8,7,7,8,6,7,4,3,5,5,6,7,8,6,6,10,8,8,9,8,6,6
"Kips Bay","Manhattan","Neighborhood",55,52,51,49,56,59,58,67,55,52,47,53,56,56,49,47,45,37,36,39,39,32,31,32,34,32,32,34,34,30,26,26,24,24,25,26,23,19,21,17,18,22,21,20,15,13,18,19,17,20,24,24,30,26,25,29,30,28,23,25,25,27,29,31,27,27,26,29,27,23,14,15,17,21,21,22,22,20,21,23,19,16,14,13,19,19,21,19,18
"Lenox Hill","Manhattan","Neighborhood",261,282,278,294,293,277,273,276,268,248,253,272,283,276,256,267,255,232,240,246,256,254,241,228,253,254,262,252,222,201,199,215,218,210,213,215,228,228,228,221,202,193,190,195,190,177,178,180,189,190,187,188,174,159,167,181,166,165,173,188,214,225,223,222,212,183,196,220,194,182,179,191,198,215,218,218,219,205,212,226,215,193,190,204,225,232,244,250,229
"Lincoln Square","Manhattan","Neighborhood",265,291,293,301,283,277,263,258,238,225,224,225,233,235,235,221,208,197,191,195,185,181,182,189,202,210,218,219,213,186,192,192,202,187,170,172,186,194,206,193,164,160,152,154,144,128,114,122,146,167,168,174,168,141,135,133,125,106,133,145,157,162,185,175,156,133,137,131,129,123,125,134,137,144,148,149,145,142,156,148,123,112,118,131,136,156,161,153,140
"Little Italy","Manhattan","Neighborhood",6,5,6,6,5,5,6,6,5,5,5,5,5,3,4,4,3,4,4,4,4,4,3,4,5,7,7,8,7,4,4,3,4,2,2,3,2,4,7,7,9,7,7,3,3,2,3,4,5,5,3,4,4,3,3,3,3,3,4,4,4,4,3,4,3,2,2,5,10,10,4,6,9,7,7,7,7,4,5,2,3,5,6,7,9,9,10,14,4
"Little Neck","Queens","Neighborhood",0,0,1,2,3,5,7,9,10,10,8,8,8,8,10,9,10,10,10,11,8,9,8,6,4,5,6,7,12,9,7,5,4,4,5,5,5,5,4,5,7,5,5,5,4,4,4,4,4,5,11,10,11,11,10,11,9,7,7,7,7,6,8,8,8,12,12,10,12,11,11,8,9,12,13,10,13,15,11,7,7,5,7,10,10,11,11,10,13
"Long Island City","Queens","Neighborhood",142,147,142,142,132,125,117,100,100,106,105,103,101,106,121,126,119,109,113,104,109,97,81,82,76,96,103,115,120,118,119,120,97,94,106,100,110,104,105,97,95,91,76,63,65,58,66,64,65,70,66,59,54,47,44,46,35,31,27,27,25,32,34,32,36,33,36,38,36,34,35,34,42,43,40,44,41,43,54,51,46,52,56,56,57,65,57,53,46
"Lower East Side","Manhattan","Neighborhood",60,60,66,69,61,62,61,60,61,60,55,57,68,67,95,100,94,88,82,85,78,67,67,66,65,70,69,77,69,69,76,69,64,56,53,50,55,55,59,58,98,94,96,55,53,47,44,47,47,60,61,58,55,55,49,48,41,37,35,32,35,40,41,38,36,38,36,43,42,34,30,34,37,52,52,50,43,45,47,43,40,31,36,39,39,41,44,44,41
"Manhattan Valley","Manhattan","Neighborhood",32,31,28,30,30,33,32,31,29,28,26,25,28,31,37,35,36,33,32,32,27,24,22,24,32,33,36,38,38,31,31,31,30,25,28,29,31,29,27,28,24,16,19,17,20,19,19,18,23,25,26,23,22,20,19,18,18,17,14,13,14,17,18,23,23,22,22,19,17,14,16,17,20,19,18,18,16,14,11,10,11,11,14,17,17,18,20,18,13
"Manhattanville","Manhattan","Neighborhood",0,0,1,1,1,1,1,1,1,2,3,3,4,4,4,3,3,3,2,0,0,0,0,0,1,1,1,1,1,1,1,1,1,1,1,1,1,1,1,1,2,2,2,2,2,2,2,2,2,2,2,0,0,0,0,0,0,0,1,1,1,1,1,1,1,1,1,1,0,0,0,0,0,0,1,1,0,0,0,0,0,0,0,1,1,1,1,1,0
"Marine Park","Brooklyn","Neighborhood",0,0,0,0,0,0,0,1,1,1,2,1,2,2,2,2,2,2,2,2,2,3,3,3,4,4,4,5,7,4,6,10,7,5,3,2,2,6,6,6,8,11,11,9,8,6,4,5,6,8,7,8,4,5,4,3,2,1,1,4,3,1,0,1,3,4,6,5,6,6,7,8,6,6,6,6,5,6,4,4,4,2,2,2,3,4,5,5,4
"Maspeth","Queens","Neighborhood",0,0,0,0,1,1,1,1,0,0,0,0,0,0,0,0,0,0,0,0,0,0,0,0,0,0,0,0,0,0,0,0,0,0,0,0,1,1,1,1,1,0,0,0,0,1,1,1,1,1,1,1,1,1,0,0,0,0,0,0,0,0,0,0,1,1,1,2,1,1,0,1,1,1,2,2,2,1,0,0,0,0,0,0,0,0,0,0,0
"Melrose","Bronx","Neighborhood",0,0,0,0,0,0,0,0,0,0,0,0,0,0,0,0,0,0,0,0,0,0,0,0,0,0,0,0,0,0,0,0,0,0,0,0,0,0,0,0,0,0,0,0,0,0,0,0,0,0,0,0,0,0,1,1,1,1,1,1,1,0,0,0,0,0,0,0,0,0,0,0,0,0,0,0,0,0,0,0,0,0,0,0,0,0,0,0,0
"Middle Village","Queens","Neighborhood",0,0,0,0,0,3,3,3,3,3,4,4,3,3,1,1,1,3,2,2,1,1,1,1,2,3,2,2,1,0,0,0,2,2,2,2,0,0,0,0,0,0,0,2,2,2,0,0,0,0,0,0,0,0,0,0,0,2,2,3,2,3,3,2,2,2,1,1,1,1,1,2,4,3,2,3,3,2,3,3,3,2,2,3,3,3,3,4,5
"Midtown","Manhattan","Neighborhood",147,147,154,163,155,156,164,160,147,144,134,136,130,128,122,115,102,102,101,109,98,89,89,96,102,101,96,91,89,81,92,91,93,90,96,99,110,107,107,102,104,93,100,104,100,88,86,91,107,112,110,95,91,83,77,75,73,74,76,76,85,95,100,96,105,107,130,128,113,109,105,99,103,110,109,107,104,107,115,135,125,124,129,118,118,120,125,124,113
"Midtown South","Manhattan","Neighborhood",54,52,47,46,52,51,51,48,47,41,38,37,52,45,49,54,49,46,44,35,35,33,30,31,32,29,41,39,37,38,41,41,41,41,39,40,45,41,41,41,34,36,35,32,36,37,36,36,38,35,33,28,25,26,25,23,21,17,12,17,18,23,25,31,31,28,27,29,26,25,24,22,24,28,36,33,36,36,36,34,39,39,45,42,42,37,43,44,41
"Midtown West","Manhattan","Neighborhood",176,182,186,177,168,168,167,164,161,155,153,152,167,172,167,166,160,159,147,150,138,129,134,137,134,130,130,131,134,126,130,123,115,112,121,121,119,119,107,111,102,94,85,85,83,76,77,77,79,89,94,78,71,64,61,67,60,56,56,57,62,73,81,77,73,75,95,94,96,95,90,86,100,105,110,122,109,100,106,115,107,103,92,107,115,120,128,123,111
"Midwood","Brooklyn","Neighborhood",6,6,26,32,32,35,36,42,43,41,45,45,45,48,46,49,52,53,20,29,25,27,23,22,23,26,26,29,27,30,28,22,22,19,19,19,20,20,18,18,19,22,32,32,23,19,18,19,24,20,23,20,19,15,14,16,12,13,15,16,19,15,16,20,23,22,29,30,25,20,20,19,20,22,19,21,23,22,17,20,14,14,16,14,21,19,20,19,23
"Mill Basin","Brooklyn","Neighborhood",0,0,0,0,0,0,0,0,0,0,0,0,0,0,0,0,0,0,0,0,0,0,0,0,0,0,0,0,0,0,0,0,0,0,0,0,0,1,1,1,1,1,0,0,0,0,0,0,0,0,0,0,0,0,0,0,0,0,0,0,1,1,1,1,1,1,1,1,1,1,1,1,1,1,1,1,1,1,0,0,0,0,0,0,0,0,0,0,0
"Morningside Heights","Manhattan","Neighborhood",35,36,33,32,32,29,24,29,40,36,34,34,34,40,41,42,40,37,43,47,41,40,39,45,51,52,50,49,55,50,44,40,40,40,41,38,39,42,42,41,38,42,45,38,38,35,30,28,32,34,42,41,36,32,31,29,21,22,25,27,29,30,36,37,36,34,29,27,27,24,19,21,23,29,33,38,42,38,41,36,31,30,25,26,32,33,38,36,31
"Morris Heights","Bronx","Neighborhood",0,0,0,0,0,0,0,0,0,0,0,0,0,0,0,0,0,0,0,0,0,0,0,0,0,0,0,0,0,0,0,0,0,0,0,0,0,0,0,0,0,0,0,0,0,0,0,3,3,3,3,3,3,3,3,3,3,3,3,3,3,3,3,3,0,0,0,0,0,0,0,0,0,0,0,0,0,0,0,0,0,0,0,0,0,0,0,0,0
"Mott Haven","Bronx","Neighborhood",0,0,0,0,0,0,0,2,2,2,2,2,2,1,1,1,0,0,0,0,0,0,0,0,0,0,0,0,0,0,0,0,0,0,0,0,0,0,0,0,0,0,0,0,0,0,0,0,0,0,0,0,0,0,0,0,0,0,0,0,0,0,0,0,0,0,0,0,0,0,0,0,0,0,0,0,0,0,0,0,0,0,0,0,0,0,0,0,0
"Murray Hill","Manhattan","Neighborhood",90,90,90,92,87,83,78,78,78,77,72,72,79,88,85,87,87,78,79,75,71,70,71,71,81,79,85,80,71,68,60,58,59,51,57,61,71,78,84,85,74,70,60,60,62,57,60,67,80,84,83,86,81,77,76,75,65,61,58,55,57,57,62,66,64,62,62,68,59,52,56,57,62,64,61,63,55,48,46,45,53,44,44,55,55,65,83,81,64
"Murray Hill (Queens)","Queens","Neighborhood",0,0,1,1,1,4,4,5,5,5,4,4,5,4,1,1,1,1,1,2,2,5,4,4,4,2,2,4,6,6,6,6,5,4,4,4,4,3,2,1,1,1,1,0,0,0,0,0,0,0,0,0,0,0,0,0,0,0,0,0,0,0,0,0,1,2,3,3,2,2,1,1,1,3,3,3,3,3,0,0,0,0,2,2,1,2,2,2,3
"New Dorp","Staten Island","Neighborhood",0,0,0,0,0,0,1,1,1,1,1,0,0,0,0,0,0,0,0,0,0,0,0,0,0,0,0,0,0,0,0,0,0,0,0,0,0,0,0,0,0,2,2,1,1,1,0,0,0,1,1,1,1,0,0,0,1,1,2,3,3,3,3,4,4,4,1,0,0,2,3,2,2,2,2,2,0,0,0,0,0,0,0,0,0,0,0,0,0
"Nolita","Manhattan","Neighborhood",12,12,17,17,19,19,19,18,18,15,13,11,10,9,8,3,3,1,1,1,1,2,1,1,1,1,1,1,2,2,2,5,4,4,3,4,5,4,5,4,3,3,3,4,5,15,15,15,14,14,14,14,14,10,7,7,4,3,2,3,5,6,10,9,8,9,8,8,9,10,11,11,11,6,8,8,10,10,11,10,10,11,7,7,6,6,10,11,12
"North Corona","Queens","Neighborhood",0,0,0,1,1,1,2,2,2,2,2,3,3,3,3,2,1,1,0,0,0,0,2,2,2,2,2,2,3,2,2,3,3,4,4,4,4,6,8,8,7,6,5,7,6,15,15,15,17,17,18,18,17,18,16,18,14,13,12,12,12,12,14,13,12,11,12,11,4,4,4,4,4,7,14,11,9,8,7,7,5,5,6,6,7,7,7,8,6
"North New York","Bronx","Neighborhood",0,0,0,2,2,2,2,2,2,2,2,2,2,2,2,2,2,2,0,0,0,0,0,0,0,0,0,0,0,0,0,0,0,0,0,0,0,0,0,0,0,0,0,0,0,0,0,0,0,0,0,0,0,0,0,0,0,0,0,0,0,0,0,0,0,0,0,0,0,0,0,0,0,0,0,0,0,0,0,0,0,0,0,0,0,0,0,0,0
"Norwood","Bronx","Neighborhood",1,1,1,1,1,1,1,1,1,1,1,1,1,1,0,0,0,0,2,2,2,2,2,0,0,0,0,3,4,5,6,7,7,7,6,7,3,2,2,1,1,1,1,1,1,1,2,3,3,4,4,3,5,5,5,4,3,2,2,2,1,1,1,1,1,1,1,1,0,0,0,0,0,1,2,2,2,2,1,1,1,1,0,0,0,0,2,2,2
"Park Slope","Brooklyn","Neighborhood",141,147,163,167,165,165,163,161,160,157,153,159,180,192,185,180,186,170,174,168,157,155,153,157,172,173,182,194,173,140,144,139,137,126,115,104,118,122,129,127,134,120,120,118,113,101,94,69,71,89,109,112,101,86,87,76,70,66,59,54,72,86,95,98,94,67,70,77,75,67,65,58,69,100,119,118,106,81,91,95,95,86,81,81,90,111,101,101,79
"Parkchester","Bronx","Neighborhood",4,5,5,6,5,4,5,5,5,6,7,7,8,9,10,9,9,10,9,9,10,8,7,7,6,5,5,5,5,5,5,5,6,5,4,5,4,5,2,2,1,2,3,2,2,1,2,2,2,2,2,2,1,1,2,3,5,5,4,4,4,4,5,3,4,3,4,3,5,5,6,7,6,6,7,4,7,7,7,7,7,6,5,7,5,4,4,3,3
"Pelham Bay","Bronx","Neighborhood",0,0,0,0,0,0,1,1,1,1,1,0,0,0,1,1,1,0,0,0,0,0,0,0,0,0,0,0,0,0,0,0,0,0,0,0,0,0,0,0,0,1,2,2,2,2,2,2,3,4,3,3,3,3,4,4,2,2,2,2,2,1,0,0,0,0,0,0,0,0,0,0,0,0,0,1,1,1,1,1,1,1,1,1,0,0,1,1,1
"Pelham Parkway","Bronx","Neighborhood",2,5,6,6,6,5,7,8,9,8,8,7,4,5,5,6,7,9,8,7,5,4,2,2,2,3,4,5,5,5,6,6,5,6,5,5,5,5,6,9,9,9,7,9,10,10,9,9,10,11,11,10,11,11,9,9,8,6,6,7,8,8,8,8,8,7,7,5,4,3,2,2,5,4,6,5,5,4,5,6,6,4,5,5,5,5,6,6,5
"Prospect Heights","Brooklyn","Neighborhood",56,60,73,75,72,64,65,61,62,59,58,58,60,61,54,47,44,34,32,38,41,40,41,38,42,38,38,35,40,35,34,37,36,36,37,38,39,43,46,49,43,40,44,38,29,26,23,26,24,32,35,39,39,37,37,35,30,28,27,30,32,36,38,33,33,28,43,45,46,40,32,30,27,28,31,35,46,35,35,36,38,42,35,34,29,31,37,41,29
"Prospect Lefferts Gardens","Brooklyn","Neighborhood",2,2,3,3,3,3,2,4,4,4,2,1,1,1,1,5,7,8,8,8,11,5,6,6,8,8,8,9,10,10,16,17,16,15,16,16,15,14,14,8,6,6,6,4,3,3,3,3,4,2,12,15,14,14,16,14,13,14,13,14,13,11,12,8,5,1,1,0,0,0,1,3,4,6,6,5,6,6,3,4,3,2,3,4,3,4,4,1,1
"Prospect Park South","Brooklyn","Neighborhood",17,17,17,18,17,15,14,13,9,6,5,6,6,6,6,6,6,6,5,6,6,4,4,5,7,9,10,10,7,7,8,7,6,5,5,5,5,6,8,9,8,8,7,6,7,6,7,7,8,8,9,10,9,6,6,6,6,3,7,7,8,8,7,10,11,9,11,10,9,7,6,7,6,6,6,6,5,6,5,5,3,3,3,3,4,6,4,5,6
"Queens Village","Queens","Neighborhood",0,0,1,2,2,3,3,6,6,3,5,6,7,14,13,14,14,16,16,19,15,15,12,12,15,15,15,13,17,11,13,12,14,13,14,13,11,11,13,12,16,14,16,13,13,14,13,10,10,9,13,10,10,10,11,9,9,8,7,7,7,6,6,6,3,3,2,1,1,1,1,0,0,0,0,0,0,0,0,0,0,0,0,0,0,0,0,0,4
"Red Hook","Brooklyn","Neighborhood",5,5,5,5,5,5,2,4,3,2,2,11,9,4,4,3,3,1,4,5,5,5,5,4,4,4,4,4,4,3,3,3,3,4,4,8,8,8,7,6,6,6,6,4,2,1,2,2,2,3,4,4,3,3,4,4,0,0,0,0,0,1,1,1,1,1,2,1,0,1,1,1,1,1,1,0,0,0,2,2,2,2,1,1,3,3,3,2,1
"Rego Park","Queens","Neighborhood",5,5,5,6,4,6,7,6,7,7,5,3,2,5,7,9,10,10,13,12,15,14,13,11,16,17,15,19,19,14,13,9,10,10,7,10,14,19,20,23,24,23,25,24,20,20,20,27,32,32,35,35,36,33,34,32,30,27,28,30,28,30,36,36,37,31,34,41,44,42,38,28,30,29,32,37,38,31,29,37,33,23,22,19,17,25,25,28,35
"Richmond Hill","Queens","Neighborhood",0,0,1,1,1,1,1,1,1,1,1,1,1,2,2,2,3,3,1,1,1,1,2,1,1,1,0,0,0,0,0,0,0,0,0,1,1,0,0,0,0,0,0,0,0,0,0,0,1,1,1,1,1,1,1,1,0,0,0,0,0,0,0,0,0,0,0,0,0,0,0,0,0,0,0,0,0,0,0,0,0,0,0,0,0,0,0,0,0
"Ridgewood","Queens","Neighborhood",6,6,6,3,4,4,4,6,4,3,3,1,4,3,4,4,3,2,2,2,3,27,28,28,28,28,28,27,27,27,5,5,5,5,4,3,3,1,2,3,3,3,3,2,2,2,2,2,2,1,1,1,1,1,0,0,0,0,1,1,1,1,1,0,2,1,1,1,1,2,2,2,2,2,3,3,3,3,3,3,2,2,2,2,2,1,2,1,2
"Riverdale","Bronx","Neighborhood",86,94,106,114,142,140,138,143,156,149,168,166,178,192,186,186,180,172,162,144,146,147,174,173,179,188,204,211,202,193,183,186,185,177,172,177,185,195,200,208,216,206,200,201,191,179,185,179,195,206,198,207,216,210,198,187,186,171,173,169,191,195,204,214,216,226,211,204,194,175,171,172,187,191,196,206,213,206,199,181,172,161,155,150,162,168,172,170,140
"Rockaway All","Queens","Neighborhood",48,46,62,63,64,64,65,57,42,37,39,39,38,41,39,40,49,47,34,32,34,29,31,24,30,31,30,32,24,22,23,22,17,16,16,13,14,15,18,15,14,18,21,22,22,20,20,17,18,16,21,20,22,23,21,16,17,14,14,9,8,11,14,24,22,22,17,16,17,17,16,18,17,20,25,26,26,25,20,16,11,13,13,10,12,11,13,10,20
"Roosevelt Island","Manhattan","Neighborhood",26,27,26,33,33,34,37,36,30,15,17,14,14,12,8,8,6,3,0,1,1,1,1,2,2,2,2,1,2,3,4,3,3,3,1,0,0,1,1,1,0,1,1,1,0,0,0,0,0,0,1,2,2,2,2,2,0,0,0,0,1,2,4,5,5,5,4,4,5,4,3,3,3,1,3,8,8,5,10,12,13,11,11,10,8,4,5,5,7
"Saint George","Staten Island","Neighborhood",0,0,0,0,0,0,0,0,0,0,0,0,0,0,0,0,2,2,2,2,2,2,2,2,0,0,0,0,0,1,1,1,1,1,1,1,4,2,10,8,7,9,9,9,2,1,0,0,2,4,4,4,4,4,1,1,0,0,0,1,6,6,6,6,8,7,7,8,8,7,7,7,9,4,3,5,5,5,5,5,5,4,1,1,0,0,0,0,0
"Sheepshead Bay","Brooklyn","Neighborhood",23,33,134,146,161,169,182,190,189,196,210,213,219,233,241,248,254,279,134,141,129,130,131,128,141,141,162,159,159,160,166,165,165,163,164,164,184,177,184,192,189,178,179,157,132,129,137,138,140,133,143,143,151,147,120,127,121,120,121,120,107,87,89,168,146,152,161,178,163,166,167,158,154,151,156,168,155,129,127,128,122,108,74,64,63,74,67,60,61
"Soho","Manhattan","Neighborhood",104,104,101,102,103,102,101,97,97,98,107,106,109,113,114,113,93,84,87,82,74,68,67,67,62,68,66,71,73,69,63,63,63,59,64,57,59,58,67,63,61,56,54,58,59,51,57,52,58,56,59,55,50,47,46,51,51,49,48,41,37,42,47,41,36,35,36,33,39,35,35,42,50,53,59,51,46,38,45,52,48,54,54,67,64,72,78,67,59
"South Jamaica","Queens","Neighborhood",0,0,0,0,0,0,0,0,0,1,1,1,1,0,0,1,1,3,3,5,5,5,6,5,5,5,5,6,5,3,3,3,3,4,5,4,4,4,4,5,5,3,3,4,4,4,4,2,2,1,3,3,3,3,1,1,1,1,1,1,1,2,2,2,2,2,1,1,1,1,1,2,2,2,2,0,1,1,2,2,2,2,0,0,0,0,1,2,4
"Sunnyside","Queens","Neighborhood",1,1,2,2,3,2,2,3,2,3,3,3,3,3,3,4,3,2,3,2,2,3,2,3,6,7,8,9,9,9,11,13,13,10,9,11,12,9,10,10,10,12,7,5,6,6,4,5,9,8,9,9,8,7,8,5,5,3,1,2,0,0,1,2,3,5,3,4,5,4,9,10,13,14,11,11,10,11,12,9,10,9,8,7,6,7,11,11,5
"Sunset Park","Brooklyn","Neighborhood",18,18,25,25,23,24,26,27,26,25,28,29,31,30,27,27,30,29,22,26,27,27,27,26,29,28,25,26,21,20,20,20,22,21,23,23,22,25,27,23,18,16,16,18,17,18,17,20,20,19,19,18,15,14,13,12,11,10,8,12,8,11,10,14,12,14,18,20,17,13,11,10,10,12,12,13,12,12,10,9,8,7,7,10,8,7,10,12,7
"Sutton Place","Manhattan","Neighborhood",108,115,123,135,130,125,125,121,115,108,114,118,128,145,156,151,140,129,121,120,113,105,104,107,113,114,119,129,131,114,120,124,118,115,110,115,113,116,116,111,111,101,106,110,100,104,103,100,101,108,112,108,104,94,85,84,75,68,70,79,81,86,92,89,82,82,81,72,72,64,69,73,72,81,84,83,79,75,84,101,118,101,96,99,107,107,113,115,103
"Throgs Neck","Bronx","Neighborhood",2,2,2,2,2,2,4,2,2,2,2,2,2,2,1,1,1,1,1,2,2,2,2,2,2,2,2,3,2,2,1,1,2,1,1,1,1,1,2,2,1,1,1,1,0,0,0,0,0,0,1,0,0,0,2,2,2,2,2,2,2,2,2,1,1,1,1,1,0,0,0,1,1,2,2,2,2,3,2,3,3,2,2,2,1,0,0,1,1
"Tremont","Bronx","Neighborhood",0,0,0,0,0,0,0,0,0,0,0,0,0,0,0,0,0,0,0,0,0,0,0,0,0,0,0,0,0,0,0,0,0,0,0,0,0,0,0,0,0,0,0,0,0,0,0,0,0,0,0,0,0,0,0,0,0,0,0,0,0,0,0,0,0,1,1,1,1,1,1,0,1,1,1,1,1,1,1,1,1,1,1,1,1,1,1,1,1
"Tribeca","Manhattan","Neighborhood",177,186,187,189,185,187,180,180,173,158,158,162,156,157,147,141,129,112,90,88,80,70,69,67,79,84,89,91,91,79,77,95,92,87,87,93,108,120,129,127,127,125,122,117,105,103,99,94,101,115,110,108,101,82,77,75,70,69,62,65,69,76,86,85,92,87,82,87,76,67,64,55,63,82,95,92,79,72,93,95,89,91,99,92,108,126,125,123,116
"Turtle Bay","Manhattan","Neighborhood",147,154,158,167,161,162,152,141,131,131,125,135,132,134,144,142,135,114,108,115,113,107,116,111,129,137,125,120,115,106,105,110,108,101,101,106,111,116,121,122,111,99,100,103,103,94,92,98,102,112,116,117,106,90,83,96,97,84,91,87,92,103,102,98,88,74,74,77,87,77,79,88,93,105,117,105,104,93,95,90,83,78,77,81,83,94,99,94,81
"University Heights","Bronx","Neighborhood",3,5,3,3,3,5,6,5,4,5,5,3,3,2,3,6,5,3,3,5,5,5,6,7,7,7,8,9,12,11,8,6,6,6,5,5,7,8,8,8,8,6,7,8,7,7,7,7,7,6,9,8,7,5,5,3,3,3,4,4,6,7,6,8,9,11,10,6,6,4,5,5,6,8,6,7,8,7,9,7,6,6,2,4,2,2,2,3,4
"Upper East Side","Manhattan","Neighborhood",304,313,322,327,342,336,337,326,306,265,266,274,290,305,299,295,281,256,254,263,269,256,252,254,265,269,263,257,232,214,214,227,217,207,206,218,237,229,230,240,212,197,193,195,186,168,178,194,197,203,216,211,201,182,183,180,161,138,145,144,140,166,169,172,153,142,144,150,134,114,106,117,125,134,157,175,157,151,156,164,162,150,151,158,173,179,188,191,169
"Upper West Side","Manhattan","Neighborhood",446,468,467,463,451,419,397,393,370,358,358,354,366,365,350,344,308,272,286,298,282,246,245,249,289,303,307,308,281,244,245,238,232,209,238,251,271,281,300,288,268,249,245,240,223,218,239,241,245,275,300,292,262,249,238,243,199,183,183,186,199,223,239,227,206,176,185,196,178,167,163,174,187,227,235,247,231,210,228,240,219,203,189,176,192,215,240,223,177
"Wakefield","Bronx","Neighborhood",0,0,0,0,0,0,0,0,0,0,0,0,0,0,0,0,0,0,0,0,0,0,0,1,1,1,1,1,1,1,1,1,1,1,1,1,2,2,1,1,1,1,1,1,1,1,1,1,1,1,1,0,0,1,1,1,0,0,0,0,0,0,0,0,0,0,0,0,0,0,0,0,0,0,0,0,0,0,0,0,0,0,0,0,0,0,0,0,0
"Washington Heights","Manhattan","Neighborhood",87,93,97,91,95,85,88,90,94,96,90,92,101,98,96,96,98,91,87,92,91,87,98,87,92,85,88,98,101,79,80,75,78,76,78,74,79,80,93,88,83,80,80,79,77,77,69,66,67,70,72,70,70,66,67,62,58,59,58,56,59,68,78,88,94,91,85,80,72,70,63,56,59,59,57,55,59,59,66,65,64,59,50,57,65,75,68,61,47
"West Harlem","Manhattan","Neighborhood",1,1,2,2,2,2,1,2,2,2,9,9,7,7,8,8,7,2,2,3,3,3,3,4,5,5,5,6,6,4,4,4,4,5,5,5,5,5,4,6,4,4,5,5,5,5,8,8,6,7,6,6,5,5,5,5,4,4,4,4,4,4,4,3,3,5,4,5,6,5,6,4,3,2,2,2,1,0,2,2,5,5,6,6,7,5,5,3,5
"West Village","Manhattan","Neighborhood",95,99,94,90,90,80,81,83,76,75,68,65,68,61,66,71,67,64,62,60,51,46,48,52,51,48,48,48,47,39,39,42,42,41,43,51,50,52,58,52,46,40,39,36,33,25,26,35,43,51,64,64,65,51,51,52,50,45,39,37,40,47,50,48,46,35,44,47,48,42,37,35,28,41,50,57,55,51,53,57,55,49,51,56,61,73,78,75,62
"Whitestone","Queens","Neighborhood",0,0,3,1,1,2,3,4,2,2,3,4,4,4,3,4,4,3,3,4,3,5,5,6,6,5,2,2,5,5,4,4,6,3,3,3,3,1,3,3,3,2,2,2,4,2,2,1,1,1,2,1,3,4,5,4,4,3,5,4,6,7,11,11,12,10,9,6,7,5,5,5,5,5,4,5,5,3,4,1,1,0,1,1,3,7,8,7,6
"Williamsbridge","Bronx","Neighborhood",2,2,1,1,1,1,1,1,1,1,1,1,1,1,0,0,0,0,1,1,1,1,1,1,1,1,1,0,0,0,0,0,0,0,0,0,0,0,0,0,0,0,0,0,0,0,0,0,0,0,0,0,0,0,1,1,1,1,1,2,1,1,1,0,0,0,0,0,0,0,0,0,0,0,0,0,0,1,2,4,4,3,3,1,1,1,1,0,1
"Williamsburg","Brooklyn","Neighborhood",248,259,246,240,243,233,234,230,234,218,220,232,240,258,261,244,222,226,200,198,221,179,182,172,163,152,153,145,121,104,111,127,115,114,113,116,110,107,120,103,80,67,61,58,50,47,41,47,54,69,76,75,80,78,94,87,75,54,52,51,68,71,78,81,81,70,88,97,89,85,74,73,80,84,100,99,106,98,108,112,102,85,100,103,119,124,136,142,115
"Windsor Terrace","Brooklyn","Neighborhood",15,19,26,27,28,29,25,28,27,27,23,25,24,23,25,26,27,21,22,24,24,22,23,25,34,33,33,31,28,23,26,24,22,17,18,20,22,26,27,27,23,19,18,16,15,13,11,14,14,12,13,13,14,11,12,14,8,7,8,6,8,9,12,14,15,14,15,15,14,13,10,10,14,12,18,19,13,13,11,15,15,14,11,10,11,14,17,19,17
"Woodhaven","Queens","Neighborhood",0,0,0,1,1,1,4,1,1,1,1,1,2,2,2,3,4,5,7,5,5,5,4,3,2,3,4,5,4,4,5,3,3,5,4,4,5,4,5,4,4,3,3,3,3,4,4,5,5,3,4,1,1,2,0,0,0,0,0,1,1,1,1,1,0,0,1,1,1,1,3,3,4,3,4,3,3,3,4,7,6,5,5,5,6,6,4,2,1
"Woodside","Queens","Neighborhood",2,2,3,4,6,5,11,13,13,12,13,13,12,12,13,11,8,9,7,9,8,8,8,7,12,11,9,9,5,6,6,6,7,8,9,8,6,5,5,5,5,9,6,7,7,11,13,15,12,9,8,7,6,7,7,5,5,6,6,5,5,5,5,5,5,4,3,2,1,1,1,1,5,7,9,9,7,7,7,5,3,2,1,4,5,6,8,7,5
"Woodstock","Bronx","Neighborhood",0,0,0,0,0,0,0,0,0,0,0,0,0,0,0,0,0,0,0,0,0,0,0,1,1,1,3,2,2,2,2,2,2,2,2,2,2,1,1,1,1,0,0,0,0,0,0,0,0,0,0,0,0,0,0,0,0,0,0,0,0,0,0,0,0,0,0,0,0,0,0,0,0,0,0,1,1,1,1,1,1,0,0,0,1,1,1,1,1
"Yorkville","Manhattan","Neighborhood",205,216,217,218,213,195,208,212,199,184,184,179,184,185,177,175,164,146,133,145,132,126,136,150,164,175,191,183,171,161,162,158,143,139,145,147,178,188,183,173,172,155,156,152,139,119,116,131,137,151,151,143,133,124,114,122,109,97,106,106,107,119,142,152,137,119,112,120,111,103,101,112,122,144,124,115,109,99,102,105,97,80,73,95,102,115,111,124,104
